{
  "hash": "11f1544f",
  "configHash": "86ef1098",
  "lockfileHash": "f3c937d1",
  "browserHash": "0b24cdab",
  "optimized": {
    "@angular/common": {
      "src": "../../../../../../node_modules/@angular/common/fesm2022/common.mjs",
      "file": "@angular_common.js",
      "fileHash": "48e1becd",
      "needsInterop": false
    },
    "@angular/common/http": {
      "src": "../../../../../../node_modules/@angular/common/fesm2022/http.mjs",
      "file": "@angular_common_http.js",
      "fileHash": "e9b22044",
      "needsInterop": false
    },
    "@angular/core": {
      "src": "../../../../../../node_modules/@angular/core/fesm2022/core.mjs",
      "file": "@angular_core.js",
      "fileHash": "0ba968bd",
      "needsInterop": false
    },
    "@angular/forms": {
      "src": "../../../../../../node_modules/@angular/forms/fesm2022/forms.mjs",
      "file": "@angular_forms.js",
      "fileHash": "65af58b4",
      "needsInterop": false
    },
    "@angular/platform-browser": {
      "src": "../../../../../../node_modules/@angular/platform-browser/fesm2022/platform-browser.mjs",
      "file": "@angular_platform-browser.js",
      "fileHash": "46736fc4",
      "needsInterop": false
    },
    "@angular/router": {
      "src": "../../../../../../node_modules/@angular/router/fesm2022/router.mjs",
      "file": "@angular_router.js",
      "fileHash": "f47e4d49",
      "needsInterop": false
    },
    "rxjs": {
      "src": "../../../../../../node_modules/rxjs/dist/esm5/index.js",
      "file": "rxjs.js",
      "fileHash": "0b01ac35",
      "needsInterop": false
    }
  },
  "chunks": {
    "chunk-7JXXFGYX": {
      "file": "chunk-7JXXFGYX.js"
    },
    "chunk-I4XXLRI4": {
      "file": "chunk-I4XXLRI4.js"
    },
    "chunk-SEW6A2FT": {
      "file": "chunk-SEW6A2FT.js"
    },
    "chunk-5DHV4VMJ": {
      "file": "chunk-5DHV4VMJ.js"
    },
    "chunk-52V6OSH2": {
      "file": "chunk-52V6OSH2.js"
    },
    "chunk-PJVWDKLX": {
      "file": "chunk-PJVWDKLX.js"
    }
  }
}